2016,2017,2018,2019,2020,2021
15004004,,,,,
,,,,,
,,15004004,,15004004,15004004
15004007,,,,,
,,,,,
15004009,15004007,,,,15004007
,,,15004008,,
,,,15004009,,15004009
,,,,,
,,,,,
,,,,15004014,15004014
15004018,,,,,
15004019,,15004017,,,15004017
15004020,15004018,15004018,15004018,15004018,15004018
15004022,,,,,
15004024,,15004020,,15004020,
,,,,,
,15004024,15004024,15004024,15004024,15004024
,,,,,
,,,,,
,,,,,
,,,,,
,,15004031,,15004031,
15004034,,,,,
15004035,,,,,
,15004034,15004034,,15004034,15004034
,,,,15004035,
,,,,,
,,,,,15004037
,,,,,
15004042,15004039,15004039,,15004039,
15004044,,,,,
15004045,15004042,15004042,15004042,15004042,15004042
,15004044,15004044,,,
15004048,15004045,15004045,,15004045,
,,,,,
,,,,,
15004052,,,,,
15004053,,,,,
,,,,,
15004055,15004053,15004053,15004053,15004053,15004053
,,,,,
15004057,,15004055,,,
,,,,,
15004059,15004057,,,15004057,15004057
15004060,,,,,15004058
15004061,15004059,15004059,15004059,15004059,15004059
,,,,,
,15004061,15004061,15004061,15004061,15004061
15004065,,,,,
,,,,,
15004067,15004065,15004065,15004065,15004065,15004065
,,,,,
15004070,15004067,15004067,15004067,15004067,15004067
15004071,,,,,
15004072,,,15004070,,
15004073,,,,,15004071
15004074,15004072,15004072,15004072,,15004072
,15004073,,,15004073,15004073
,,15004074,,15004074,
15004077,,,,,
,,,,,
15004079,,,15004077,,15004077
15004080,,,,,
15004081,,,,,
,15004080,,,,
,,,,,
,,,,,
,,,,,
15004088,,15004086,,,
,,,,,
,15004088,15004088,,15004088,15004088
,,,,,
15004092,,,,,
15004093,,,,,
,15004092,15004092,15004092,15004092,15004092
,15004093,15004093,,,15004093
,,,,,15004095
15004100,,,,,
15004102,,,,,
,15004100,15004100,,,
15004104,,,,,
,,,,,
,15004104,15004104,15004104,,15004104
15004107,,,,,
,,,,,
15004110,15004107,15004107,15004107,15004107,15004107
15004111,15004109,15004109,,15004109,
,15004110,15004110,,,
15004113,,,,,
,15004112,15004112,,,
15004115,15004113,,,,15004113
15004116,,,,,
,15004115,15004115,15004115,15004115,15004115
15004118,15004116,15004116,,,
,,,,,
,15004118,15004118,,15004118,15004118
,,,,15004119,15004119
,,,,,
15004123,,,,,
,,,,,
15004127,,15004123,,15004123,15004123
15004128,,,,,
15004129,,,,,
,,15004128,,,15004128
,15004129,15004129,15004129,15004129,15004129
15004134,,,,,
15004137,,,,,
15004138,15004134,15004134,,15004134,15004134
,15004137,,,15004137,15004137
15004141,,,15004138,,
,,15004140,,,15004140
,15004141,,,15004141,15004141
,,,,,
,,,,,
15004146,,,,,
,,,,,
15004149,,,,,
15004150,,,,,
15004151,,,15004149,,
,,,,,
15004153,15004151,15004151,15004151,15004151,15004151
15004154,,,,,
,,,,,15004153
,15004154,,,15004154,15004154
,,,,,
15004159,,,,,
,,,,,
,15004159,,15004159,,
,,,,,
